<?xml version="1.0" encoding="UTF-8"?>
<robot rpa="false" generated="20210922 10:20:00.009" schemaversion="2" generator="Robot 4.1.1 (Python 2.7.17 on linux2)">
<suite source="/home/henrique/robot/projects/opme-robot/tests/Login.robot" id="s1" name="TESTES LOGIN">
<test id="s1-t1" name="Login de sucesso">
<kw type="SETUP" name="ABRIR NAVEGAGOR" library="resource">
<kw name="Open Browser" library="SeleniumLibrary">
<arg>${URL}</arg>
<arg>${NAVEGAGOR}</arg>
<doc>Opens a new browser instance to the optional ``url``.</doc>
<msg timestamp="20210922 10:20:00.098" level="INFO">Opening browser 'chrome' to base url 'https://dev.opmenexo.com.br/Login.do'.</msg>
<status status="PASS" endtime="20210922 10:20:02.527" starttime="20210922 10:20:00.098"/>
</kw>
<kw name="Maximize Browser Window" library="SeleniumLibrary">
<doc>Maximizes current browser window.</doc>
<status status="PASS" endtime="20210922 10:20:02.634" starttime="20210922 10:20:02.527"/>
</kw>
<status status="PASS" endtime="20210922 10:20:02.634" starttime="20210922 10:20:00.097"/>
</kw>
<kw name="DADO QUE EU QUERO FAZER LOGIN" library="Login">
<kw name="Wait Until Element Is Visible" library="SeleniumLibrary">
<arg>${BARRA_TITULO}</arg>
<doc>Waits until the element ``locator`` is visible.</doc>
<status status="PASS" endtime="20210922 10:20:02.666" starttime="20210922 10:20:02.636"/>
</kw>
<kw name="Wait Until Element Is Visible" library="SeleniumLibrary">
<arg>${INPUT_LOGIN}</arg>
<doc>Waits until the element ``locator`` is visible.</doc>
<status status="PASS" endtime="20210922 10:20:02.691" starttime="20210922 10:20:02.667"/>
</kw>
<status status="PASS" endtime="20210922 10:20:02.692" starttime="20210922 10:20:02.635"/>
</kw>
<kw sourcename="QUANDO PREENCHER OS DADOS DE &quot;${LOGIN}&quot; e &quot;${PASSWORD}&quot;" name="QUANDO PREENCHER OS DADOS DE &quot;COMPRADORQA&quot; e &quot;Strong21!&quot;" library="Login">
<kw name="Wait Until Element Is Visible" library="SeleniumLibrary">
<arg>${INPUT_LOGIN}</arg>
<doc>Waits until the element ``locator`` is visible.</doc>
<status status="PASS" endtime="20210922 10:20:02.712" starttime="20210922 10:20:02.692"/>
</kw>
<kw name="Input Text" library="SeleniumLibrary">
<arg>${INPUT_LOGIN}</arg>
<arg>${LOGIN}</arg>
<doc>Types the given ``text`` into the text field identified by ``locator``.</doc>
<msg timestamp="20210922 10:20:02.712" level="INFO">Typing text 'COMPRADORQA' into text field 'id=LOGIN'.</msg>
<status status="PASS" endtime="20210922 10:20:02.811" starttime="20210922 10:20:02.712"/>
</kw>
<kw name="Input Text" library="SeleniumLibrary">
<arg>${INPUT_PASSWORD}</arg>
<arg>${PASSWORD}</arg>
<doc>Types the given ``text`` into the text field identified by ``locator``.</doc>
<msg timestamp="20210922 10:20:02.812" level="INFO">Typing text 'Strong21!' into text field 'id=PASSWORD'.</msg>
<status status="PASS" endtime="20210922 10:20:02.910" starttime="20210922 10:20:02.812"/>
</kw>
<status status="PASS" endtime="20210922 10:20:02.910" starttime="20210922 10:20:02.692"/>
</kw>
<kw name="E CLICAR EM ENTRAR" library="Login">
<kw name="Click Element" library="SeleniumLibrary">
<arg>${BUTTON_LOGAR}</arg>
<doc>Click the element identified by ``locator``.</doc>
<msg timestamp="20210922 10:20:02.911" level="INFO">Clicking element 'id=btnLogar'.</msg>
<status status="PASS" endtime="20210922 10:20:04.713" starttime="20210922 10:20:02.911"/>
</kw>
<status status="PASS" endtime="20210922 10:20:04.713" starttime="20210922 10:20:02.910"/>
</kw>
<kw name="ENTAO VOU LOGAR NO SISTEMA E ACESSAR A PAGINA INICIAL" library="Login">
<kw name="Wait Until Element Is Visible" library="SeleniumLibrary">
<arg>${CABECALHO_OPME}</arg>
<doc>Waits until the element ``locator`` is visible.</doc>
<status status="PASS" endtime="20210922 10:20:04.787" starttime="20210922 10:20:04.714"/>
</kw>
<kw name="Wait Until Page Does Not Contain" library="SeleniumLibrary">
<arg>${SPINNER}</arg>
<doc>Waits until ``text`` disappears from the current page.</doc>
<status status="PASS" endtime="20210922 10:20:04.803" starttime="20210922 10:20:04.787"/>
</kw>
<kw name="Wait Until Element Is Visible" library="SeleniumLibrary">
<arg>${lINHA_TEMPO_TOTAL}</arg>
<doc>Waits until the element ``locator`` is visible.</doc>
<status status="PASS" endtime="20210922 10:20:04.828" starttime="20210922 10:20:04.804"/>
</kw>
<status status="PASS" endtime="20210922 10:20:04.828" starttime="20210922 10:20:04.714"/>
</kw>
<kw type="TEARDOWN" name="FECHAR NAVEGADOR" library="resource">
<kw name="Close Browser" library="SeleniumLibrary">
<doc>Closes the current browser.</doc>
<status status="PASS" endtime="20210922 10:20:04.890" starttime="20210922 10:20:04.829"/>
</kw>
<status status="PASS" endtime="20210922 10:20:04.890" starttime="20210922 10:20:04.829"/>
</kw>
<tag>checklist</tag>
<status status="PASS" endtime="20210922 10:20:04.890" starttime="20210922 10:20:00.097"/>
</test>
<status status="PASS" endtime="20210922 10:20:04.892" starttime="20210922 10:20:00.011"/>
</suite>
<statistics>
<total>
<stat fail="0" skip="0" pass="1">All Tests</stat>
</total>
<tag>
<stat fail="0" skip="0" pass="1">checklist</stat>
</tag>
<suite>
<stat fail="0" skip="0" id="s1" name="TESTES LOGIN" pass="1">TESTES LOGIN</stat>
</suite>
</statistics>
<errors>
</errors>
</robot>
